{
  "is_https": 0.21831799710907301,
  "n_dots": 0.1286050434327137,
  "n_slashes": 0.11247923251761395,
  "path_len": 0.10257035365610127,
  "max_sub_len": 0.06674556984246469,
  "url_len": 0.047805353910428734,
  "domain_len": 0.04088627906056677,
  "letter_ratio": 0.03515986705299358,
  "domain_entropy": 0.030197973094801503,
  "n_hyphens": 0.027574938366682566,
  "url_entropy": 0.025585832219481096,
  "n_subdomains": 0.01952510555855396,
  "digit_ratio": 0.01550636169656817,
  "n_digits": 0.014705302627832947,
  "suspicious_tld": 0.014538792623308268,
  "has_ip": 0.01254012467211695,
  "n_ampersand": 0.012150407426928264,
  "trusted_tld": 0.011040920670946565,
  "n_path_tokens": 0.009481081568757613,
  "query_len": 0.009419713880202601,
  "n_underscore": 0.0068500856497246835,
  "domain_has_digit": 0.005338045328598653,
  "n_equals": 0.0052667426607413085,
  "has_suspicious_keyword": 0.004395280573257159,
  "n_suspicious_keywords": 0.004211906621609264,
  "domain_n_hyphens": 0.0039604254390604825,
  "has_hex_chars": 0.003929815674712036,
  "domain_n_digits": 0.0039054254637269853,
  "n_query_params": 0.002663152780370555,
  "n_percent": 0.001621346772727257,
  "n_question": 0.0011949349182755495,
  "many_subdomains": 0.0007529311129392949,
  "has_at": 0.0004369022163677235,
  "long_domain": 0.0003464173216685513,
  "n_at": 0.0002121776007599834,
  "has_port": 7.815887732430609e-05
}